{"lr": [[-0.07736672950146029, 0.20880264867484066, 0.4887063439710104, 0.24152385437181467, 0.43017241460941813, 0.0, 0.20880264867484066, 0.4504602165501468, 0.026106713808209392, -0.07851509433106363, 0.5573503497052676, 0.026106713808209392, 0.5573503497052676, 0.1462927697682075, 0.06892604026674709, 0.39543317634403374, 0.014296594128146434, 0.20880264867484066, 0.542328667797199, 0.36092684906245465, 0.2306193617057436, 0.23202407808566805, 0.5573503497052676, 0.20406369933652835, 0.14077075916053694, 0.5559786256260285, 0.034786544813729114, 0.42630229290062804, 0.38178761667424477, -0.03388307618958153],
  [0.8443243473669914, -0.015722391049444062, 0.5788409400993484, 0.9260867145973098, 1.2976216174151585, 0.0, -0.015722391049444062, 1.2985349593174336, 0.08902674426837254, 0.5556077590963103, 0.6993146860526052, 0.08902674426837254, 0.6993146860526052, -0.011259954353976642, 0.8330643930130147, 0.5971523182635079, 0.3955512445765259, -0.015722391049444062, 1.296380679533415, 0.476317533868582, 0.5121124559387747, 0.49595535755863396, 0.6993146860526052, 1.247999757644585, 0.9029797122336735, 0.35023230688778917, 0.04373368150710555, 0.46203286601578886, 1.1867396982315226, 0.731288148399337],
  [0.2012880216215891, -0.014130251284743989, 0.38063725027234185, 0.3514051851015231, 0.3152462143764979, 0.0, -0.014130251284743989, 0.3476837155050483, 0.3690498679831039, 0.36588173423706083, -0.008532747504490845, 0.3690498679831039, -0.008532747504490845, -0.00983340528641119, 0.1914546163351779, 0.3800847986439847, 0.20604889646984736, -0.014130251284743989, 0.3423638109356838, -0.01788324934304275, 0.23630764034285, 0.24217999654057154, -0.008532747504490845, 0.3125780247398703, 0.32646970956315224, -0.014418596918325366, 0.21440402200505104, 0.3583756654347542, 0.3339169481040728, 0.21463885077979972]],
  "dt": [[0.0, 0.0, 0.0, 0.0, 0.0, 0.0, 0.0, 0.0, 0.0, 0.0, 0.0, 0.0, 0.0, 0.0, 0.0, 0.0, 0.0, 0.0, 0.0, 0.0, 0.0, 0.0, 0.0, 0.0, 0.0, 0.0, 0.0, 0.0, 0.0, 0.0],
    [0.0, 0.0, 0.0, 0.0, 0.0, 0.0, 0.0, 0.0, 0.0, 0.0, 0.0, 0.0, 0.0, 0.0, 0.0, 0.0, 0.0, 0.0, 0.0, 0.0, 0.0, 0.0, 0.0, 0.0, 0.0, 0.0, 0.0, 0.0, 0.0, 0.0],
    [2.8596686781719654, 0.0, 2.569233578045124, 2.3234808010147203, 2.8596686781719654, 0.0, 0.0, 2.569233578045124, 2.1670926701771918, 2.8596686781719654, 0.0, 2.1670926701771918, 0.0, 0.0, 2.8596686781719654, 2.569233578045124, 2.3234808010147203, 0.0, 2.569233578045124, 0.0, 2.569233578045124, 2.569233578045124, 0.0, 2.3234808010147203, 2.1670926701771918, 0.0, 2.1670926701771918, 2.1670926701771918, 2.1670926701771918, 2.1670926701771918]],
  "rf": [[-0.03314747729721412, 0.049604889436148936, -0.05082566004822653, -0.04260107126365931, 0.05261657482940785, 0.0, 0.049604889436148936, 0.046017541429376974, -0.002514769893797064, 0.028009417679954796, 0.042898072956748856, -0.002514769893797064, 0.042898072956748856, -0.0005172448822533537, -0.03366472217946759, -0.042475310656199694, 0.017212667384946423, 0.049604889436148936, 0.044486446052023565, -0.0028303627315171553, -0.0381236416807752, -0.044942895695448626, 0.042898072956748856, 0.01446983428248938, 0.002120883484685532, 0.007683689908162483, -0.04577566261351329, -0.03660286491201015, 0.008715731363193258, -0.07857941614078201],
    [0.3572635175209059, 0.29044928223282107, 0.615020771638188, 0.7204963665281368, 0.6428597465496851, 0.0, 0.29044928223282107, 0.7331465578985121, 1.0607484921245631, 0.7515298117079623, 0.27123783592426953, 1.0607484921245631, 0.27123783592426953, 0.22915517418295261, 0.5864186917038585, 0.6101400790108216, 0.4706900097480876, 0.29044928223282107, 0.7993213585757469, 0.08205655635934406, 0.36033372223077254, 0.29903961418090397, 0.27123783592426953, 0.9288890924016138, 1.0607484921245631, 0.08693724898671062, 0.7704104756041208, 1.0815109404340384, 1.008910105176741, 0.7894886768251973],
    [0.1408853860756265, 1.3168289015443113, 0.4936754666256252, 0.014462846441947286, 0.4677705135703698, 0.0, 1.3168289015443113, 0.8293828556769824, 0.516688636806736, 0.802697349545949, 1.3171282817710832, 0.516688636806736, 1.3171282817710832, 0.8343892463188178, 0.9752746323944443, 0.49793547175619846, 0.1654173054230179, 1.3168289015443113, 1.3042316176697017, 0.5095690534092698, 0.6450719070340215, 0.16596313991072886, 1.3171282817710832, 0.8181943543173817, 0.5131602965471291, 0.5068618141706472, 0.21233283874608966, 0.5453708008824631, 0.0347398512133803, 0.1827034857113563]],
  "bag_lr": [[-0.0777580029038355, 0.15978571222287796, 0.4986757869221644, 0.2753103007012887, 0.40669438931689206, 0.0, 0.15978571222287796, 0.44951220432035344, 0.0344799305242951, -0.07824765189977756, 0.5394062569595047, 0.0344799305242951, 0.5394062569595047, 0.10978390852714404, 0.03202590562330854, 0.4240663539919016, 0.016698042654050282, 0.15978571222287796, 0.5229980012125032, 0.38637492593534783, 0.25841901230099373, 0.2595426483391067, 0.5394062569595047, 0.1639650326606249, 0.14972387619610117, 0.5373630719846414, 0.062238991020936774, 0.4472317658829399, 0.3979775561279446, -0.012989039200633212],
    [0.638083895947216, -0.007252038508597569, 0.4941166747434945, 0.8321206626925095, 1.057833398443477, 0.0, -0.007252038508597569, 1.0251737162236054, 0.056555400315317694, 0.46154828030468875, 0.662700663896426, 0.056555400315317694, 0.662700663896426, -0.006643525187286836, 0.631440370759929, 0.49661367768265907, 0.378015053507053, -0.007252038508597569, 1.024879951171941, 0.42331548859118995, 0.43234623492539315, 0.4301429970378925, 0.662700663896426, 1.0166843734123412, 0.6716866381349373, 0.3572304588594082, 0.026982306363672715, 0.41689137543520105, 0.9592130018640984, 0.5391697343161737],
    [0.27201830799191185, 0.019006483681913267, 0.4556015528967565, 0.5061009367637014, 0.43486446458857675, 0.0, 0.019006483681913267, 0.37498083275249283, 0.4612378764998283, 0.4711419791145941, 0.009417716221700734, 0.4612378764998283, 0.009417716221700734, 0.009439373387208128, 0.28145768137911986, 0.4568316099346469, 0.3159210557640698, 0.019006483681913267, 0.3868258264507002, 0.028795582479806514, 0.26253281851185994, 0.24945776777576223, 0.009417716221700734, 0.43876950358290734, 0.4036955421169275, 0.024770018708011654, 0.2807193573905927, 0.47767084195102516, 0.3881959554945875, 0.23719479259612997]],